pl_name,disc_year,elegible_por_año,variables_presentes,variables_ausentes,cumple_completitud,retenido,columnas_ausentes,motivo_exclusion
pi Men c,2018,True,8,4,True,True,"pl_orbsmax,pl_bmasse,pl_insol,pl_eqt",retenido
LHS 3844 b,2019,True,12,0,True,True,,retenido
HD 202772 A b,2019,True,12,0,True,True,,retenido
GJ 143 b,2019,True,11,1,True,True,pl_insol,retenido
HD 23472 b,2019,True,12,0,True,True,,retenido
HD 23472 c,2019,True,12,0,True,True,,retenido
HD 219666 b,2018,True,8,4,True,True,"pl_orbsmax,pl_insol,st_met,st_logg",retenido
HD 1397 b,2018,True,12,0,True,True,,retenido
TOI-172 b,2019,True,12,0,True,True,,retenido
HD 221416 b,2019,True,10,2,True,True,"pl_insol,pl_eqt",retenido
HD 21749 c,2019,True,10,2,True,True,"pl_orbeccen,pl_insol",retenido
TOI-216.02,2019,True,6,6,False,False,"pl_orbsmax,pl_insol,pl_eqt,st_teff,st_met,st_logg",menos_de_8_mediciones
TOI-216.01,2019,True,6,6,False,False,"pl_orbsmax,pl_insol,pl_eqt,st_teff,st_met,st_logg",menos_de_8_mediciones
HD 15337 b,2019,True,9,3,True,True,"pl_orbsmax,pl_insol,pl_eqt",retenido
HD 15337 c,2019,True,9,3,True,True,"pl_orbsmax,pl_insol,pl_eqt",retenido
L 98-59 b,2019,True,12,0,True,True,,retenido
L 98-59 c,2019,True,12,0,True,True,,retenido
L 98-59 d,2019,True,12,0,True,True,,retenido
HD 2685 b,2019,True,11,1,True,True,pl_insol,retenido
TOI-150.01,2019,True,11,1,True,True,pl_insol,retenido
DS Tuc A b,2019,True,8,4,True,True,"pl_orbsmax,pl_bmasse,pl_insol,st_logg",retenido
HR 858 b,2019,True,11,1,True,True,pl_insol,retenido
HR 858 c,2019,True,11,1,True,True,pl_insol,retenido
HR 858 d,2019,True,11,1,True,True,pl_insol,retenido
TOI-270 b,2019,True,9,3,True,True,"pl_orbsmax,pl_insol,st_met",retenido
TOI-270 c,2019,True,9,3,True,True,"pl_orbsmax,pl_insol,st_met",retenido
TOI-270 d,2019,True,9,3,True,True,"pl_orbsmax,pl_insol,st_met",retenido
GJ 357 b,2019,True,9,3,True,True,"pl_bmasse,pl_orbeccen,pl_insol",retenido
LTT 1445 A b,2019,True,8,4,True,True,"pl_orbeccen,st_teff,st_met,st_logg",retenido
LP 791-18 b,2019,True,10,2,True,True,"pl_bmasse,pl_orbeccen",retenido
LP 791-18 c,2019,True,10,2,True,True,"pl_insol,pl_eqt",retenido
TOI-163 b,2019,True,11,1,True,True,pl_insol,retenido
TOI-125 b,2019,True,12,0,True,True,,retenido
TOI-125 c,2019,True,12,0,True,True,,retenido
HD 213885 b,2019,True,11,1,True,True,pl_insol,retenido
WASP-126 c,2019,True,6,6,False,False,"pl_orbsmax,pl_rade,pl_insol,pl_eqt,st_met,st_logg",menos_de_8_mediciones
TOI-813 b,2020,True,11,1,True,True,pl_bmasse,retenido
GJ 1252 b,2020,True,8,4,True,True,"pl_orbsmax,pl_insol,pl_eqt,st_logg",retenido
L 168-9 b,2020,True,11,1,True,True,pl_insol,retenido
TOI-125 d,2020,True,12,0,True,True,,retenido
TOI-132 b,2020,True,12,0,True,True,,retenido
LHS 1815 b,2020,True,9,3,True,True,"pl_orbsmax,pl_insol,pl_eqt",retenido
TOI-1130 b,2020,True,11,1,True,True,pl_insol,retenido
TOI-1130 c,2020,True,11,1,True,True,pl_insol,retenido
TOI-677 b,2020,True,10,2,True,True,"pl_insol,pl_eqt",retenido
HD 332231 b,2020,True,11,1,True,True,pl_insol,retenido
LTT 3780 b,2020,True,12,0,True,True,,retenido
LTT 3780 c,2020,True,12,0,True,True,,retenido
TOI-1235 b,2020,True,9,3,True,True,"pl_orbsmax,pl_insol,pl_eqt",retenido
TOI-1338 b,2020,True,6,6,False,False,"pl_orbsmax,pl_insol,pl_eqt,st_teff,st_met,st_logg",menos_de_8_mediciones
AU Mic b,2020,True,11,1,True,True,pl_insol,retenido
TOI-1728 b,2020,True,12,0,True,True,,retenido
NGTS-11 b,2020,True,11,1,True,True,pl_insol,retenido
TOI-849 b,2020,True,8,4,True,True,"pl_insol,pl_eqt,st_met,st_logg",retenido
HD 191939 b,2020,True,12,0,True,True,,retenido
HD 191939 c,2020,True,12,0,True,True,,retenido
HD 191939 d,2020,True,12,0,True,True,,retenido
TOI-700 b,2020,True,10,2,True,True,"pl_bmasse,pl_eqt",retenido
TOI-700 c,2020,True,10,2,True,True,"pl_bmasse,pl_eqt",retenido
TOI-700 d,2020,True,10,2,True,True,"pl_bmasse,pl_eqt",retenido
HIP 67522 b,2020,True,8,4,True,True,"pl_bmasse,pl_insol,st_met,st_logg",retenido
TOI-1899 b,2020,True,12,0,True,True,,retenido
HIP 65 A b,2020,True,12,0,True,True,,retenido
TOI-157 b,2020,True,12,0,True,True,,retenido
TOI-169 b,2020,True,12,0,True,True,,retenido
HD 86226 c,2020,True,11,1,True,True,pl_insol,retenido
WD 1856+534 b,2020,True,11,1,True,True,st_met,retenido
LTT 9779 b,2020,True,11,1,True,True,pl_insol,retenido
HD 63433 b,2020,True,9,3,True,True,"pl_orbsmax,pl_orbeccen,pl_insol",retenido
HD 63433 c,2020,True,9,3,True,True,"pl_orbsmax,pl_orbeccen,pl_insol",retenido
TOI-763 b,2020,True,11,1,True,True,pl_insol,retenido
TOI-763 c,2020,True,11,1,True,True,pl_insol,retenido
TOI-824 b,2020,True,11,1,True,True,pl_orbeccen,retenido
TOI-540 b,2020,True,9,3,True,True,"pl_bmasse,st_met,st_logg",retenido
TOI-1266 b,2020,True,11,1,True,True,pl_insol,retenido
TOI-1266 c,2020,True,11,1,True,True,pl_insol,retenido
TOI-421 b,2020,True,11,1,True,True,pl_insol,retenido
TOI-421 c,2020,True,11,1,True,True,pl_insol,retenido
GJ 3473 b,2020,True,12,0,True,True,,retenido
TOI-837 b,2020,True,11,1,True,True,pl_orbeccen,retenido
TOI-954 b,2020,True,12,0,True,True,,retenido
TOI-481 b,2020,True,11,1,True,True,pl_insol,retenido
TOI-892 b,2020,True,11,1,True,True,pl_insol,retenido
TIC 237913194 b,2020,True,11,1,True,True,pl_insol,retenido
TOI-122 b,2020,True,10,2,True,True,"pl_bmasse,st_met",retenido
TOI-237 b,2020,True,10,2,True,True,"pl_bmasse,st_met",retenido
LP 714-47 b,2020,True,11,1,True,True,pl_insol,retenido
TOI-942 b,2020,True,6,6,False,False,"pl_bmasse,pl_insol,pl_eqt,st_teff,st_met,st_logg",menos_de_8_mediciones
TOI-942 c,2020,True,6,6,False,False,"pl_bmasse,pl_insol,pl_eqt,st_teff,st_met,st_logg",menos_de_8_mediciones
TOI-251 b,2021,True,10,2,True,True,"pl_insol,pl_eqt",retenido
TOI-776 b,2020,True,11,1,True,True,pl_insol,retenido
TOI-776 c,2020,True,11,1,True,True,pl_insol,retenido
TOI-561 b,2020,True,9,3,True,True,"st_teff,st_met,st_logg",retenido
TOI-561 c,2020,True,9,3,True,True,"st_teff,st_met,st_logg",retenido
TOI-561 d,2020,True,9,3,True,True,"st_teff,st_met,st_logg",retenido
TOI-561 e,2020,True,9,3,True,True,"st_teff,st_met,st_logg",retenido
HD 108236 b,2020,True,9,3,True,True,"pl_bmasse,pl_insol,pl_eqt",retenido
HD 108236 c,2020,True,9,3,True,True,"pl_bmasse,pl_insol,pl_eqt",retenido
TOI-1233.01,2021,True,9,3,True,True,"pl_bmasse,pl_insol,pl_eqt",retenido
HD 108236 e,2020,True,9,3,True,True,"pl_bmasse,pl_insol,pl_eqt",retenido
TOI-564 b,2020,True,12,0,True,True,,retenido
TOI-905 b,2020,True,12,0,True,True,,retenido
TOI-451 b,2020,True,12,0,True,True,,retenido
TOI-451 c,2020,True,12,0,True,True,,retenido
TOI-451 d,2020,True,12,0,True,True,,retenido
HD 110113 b,2021,True,12,0,True,True,,retenido
TOI-178 b,2021,True,8,4,True,True,"pl_orbsmax,pl_orbeccen,pl_insol,pl_eqt",retenido
TOI-178 c,2021,True,9,3,True,True,"pl_orbsmax,pl_insol,pl_eqt",retenido
TOI-178 d,2021,True,9,3,True,True,"pl_orbsmax,pl_insol,pl_eqt",retenido
TOI-178 e,2021,True,9,3,True,True,"pl_orbsmax,pl_insol,pl_eqt",retenido
TOI-178 g,2021,True,9,3,True,True,"pl_orbsmax,pl_insol,pl_eqt",retenido
HD 183579 b,2021,True,11,1,True,True,pl_insol,retenido
HD 110082 b,2021,True,9,3,True,True,"pl_bmasse,pl_insol,pl_eqt",retenido
TOI-628 b,2021,True,11,1,True,True,pl_insol,retenido
TOI-640 b,2021,True,10,2,True,True,"pl_orbsmax,pl_insol",retenido
TOI-1333 b,2021,True,11,1,True,True,pl_insol,retenido
TOI-1478 b,2021,True,5,7,False,False,"pl_insol,pl_eqt,st_teff,st_rad,st_mass,st_met,st_logg",menos_de_8_mediciones
TOI-1601 b,2021,True,11,1,True,True,pl_insol,retenido
TOI-201 b,2021,True,8,4,True,True,"pl_insol,pl_eqt,st_met,st_logg",retenido
TOI-519 b,2021,True,11,1,True,True,pl_insol,retenido
LHS 1478 b,2021,True,10,2,True,True,"pl_orbeccen,pl_insol",retenido
TOI-257 b,2021,True,12,0,True,True,,retenido
HD 5278 b,2021,True,12,0,True,True,,retenido
TOI-269 b,2021,True,12,0,True,True,,retenido
TOI-220 b,2021,True,11,1,True,True,pl_insol,retenido
TOI-1444 b,2021,True,11,1,True,True,pl_insol,retenido
TOI-1231 b,2021,True,12,0,True,True,,retenido
HD 152843 b,2021,True,11,1,True,True,pl_eqt,retenido
HD 152843 c,2021,True,11,1,True,True,pl_eqt,retenido
TOI-674 b,2021,True,12,0,True,True,,retenido
TOI-1685 b,2021,True,11,1,True,True,pl_orbeccen,retenido
TOI-1260 b,2021,True,12,0,True,True,,retenido
TOI-1260 c,2021,True,12,0,True,True,,retenido
TOI-1634 b,2021,True,11,1,True,True,pl_insol,retenido
TOI-1259 A b,2021,True,7,5,False,False,"pl_insol,pl_eqt,st_teff,st_met,st_logg",menos_de_8_mediciones
TOI-1807 b,2021,True,11,1,True,True,pl_insol,retenido
TOI-2076 b,2021,True,8,4,True,True,"pl_insol,st_teff,st_met,st_logg",retenido
TOI-2076 c,2021,True,8,4,True,True,"pl_insol,st_teff,st_met,st_logg",retenido
TOI-2076 d,2021,True,8,4,True,True,"pl_insol,st_teff,st_met,st_logg",retenido
TOI-1749 b,2021,True,11,1,True,True,pl_insol,retenido
TOI-1749 c,2021,True,11,1,True,True,pl_insol,retenido
TOI-1749 d,2021,True,11,1,True,True,pl_insol,retenido
TOI-1062 b,2021,True,12,0,True,True,,retenido
TOI-1278 b,2021,True,10,2,True,True,"pl_insol,pl_eqt",retenido
AU Mic c,2021,True,11,1,True,True,pl_insol,retenido
TOI-2406 b,2021,True,12,0,True,True,,retenido
TOI-532 b,2021,True,12,0,True,True,,retenido
TOI-431 b,2021,True,11,1,True,True,pl_insol,retenido
TOI-431 d,2021,True,11,1,True,True,pl_insol,retenido
TOI-2202 b,2021,True,9,3,True,True,"pl_orbsmax,pl_insol,pl_eqt",retenido
TIC 172900988 b,2021,True,10,2,True,True,"pl_insol,pl_eqt",retenido
TOI-1201 b,2021,True,12,0,True,True,,retenido
TOI-558 b,2021,True,11,1,True,True,pl_insol,retenido
TOI-559 b,2021,True,11,1,True,True,pl_insol,retenido
TIC 257060897 b,2021,True,11,1,True,True,pl_insol,retenido
TOI-1431 b,2021,True,12,0,True,True,,retenido
TOI-530 b,2021,True,11,1,True,True,pl_insol,retenido
TOI-1789 b,2021,True,11,1,True,True,pl_orbeccen,retenido
TOI-1296 b,2021,True,11,1,True,True,pl_insol,retenido
TOI-1298 b,2021,True,11,1,True,True,pl_insol,retenido
HD 63935 b,2021,True,11,1,True,True,pl_insol,retenido
TOI-3362 b,2021,True,10,2,True,True,"pl_insol,pl_eqt",retenido
TOI-2285 b,2021,True,8,4,True,True,"pl_orbsmax,pl_bmasse,pl_orbeccen,st_logg",retenido
LHS 1678 b,2021,True,8,4,True,True,"pl_bmasse,pl_eqt,st_met,st_logg",retenido
LHS 1678 c,2021,True,8,4,True,True,"pl_bmasse,pl_eqt,st_met,st_logg",retenido
HIP 97166 b,2021,True,11,1,True,True,pl_insol,retenido
TOI-2257 b,2021,True,10,2,True,True,"pl_bmasse,pl_insol",retenido
HD 207897 b,2021,True,11,1,True,True,pl_insol,retenido
GJ 367 b,2021,True,8,4,True,True,"pl_orbsmax,pl_insol,st_met,st_logg",retenido
TOI-2109 b,2021,True,10,2,True,True,"pl_orbeccen,pl_insol",retenido
TOI-1842 b,2021,True,11,1,True,True,pl_insol,retenido
TOI-2180 b,2022,True,12,0,True,True,,retenido
LTT 1445 A c,2022,True,11,1,True,True,st_logg,retenido
TOI-1064 b,2022,True,12,0,True,True,,retenido
TOI-1064 c,2022,True,12,0,True,True,,retenido
TOI-2184 b,2022,True,10,2,True,True,"pl_orbsmax,pl_eqt",retenido
TOI-1268 b,2022,True,11,1,True,True,pl_insol,retenido
TOI-2337 b,2022,True,9,3,True,True,"pl_orbsmax,pl_insol,pl_eqt",retenido
TOI-4329 b,2022,True,9,3,True,True,"pl_orbsmax,pl_insol,pl_eqt",retenido
TOI-2669 b,2022,True,9,3,True,True,"pl_orbsmax,pl_insol,pl_eqt",retenido
TOI-206 b,2022,True,8,4,True,True,"pl_bmasse,pl_orbeccen,pl_insol,st_met",retenido
TOI-500 b,2022,True,12,0,True,True,,retenido
TOI-544 b,2022,True,11,1,True,True,pl_insol,retenido
TOI-833 b,2022,True,8,4,True,True,"pl_bmasse,pl_orbeccen,pl_insol,st_met",retenido
TOI-1075 b,2022,True,11,1,True,True,st_logg,retenido
TOI-1411 b,2022,True,11,1,True,True,pl_insol,retenido
TOI-1442 b,2022,True,8,4,True,True,"pl_bmasse,pl_orbeccen,pl_insol,st_met",retenido
TOI-1693 b,2022,True,8,4,True,True,"pl_bmasse,pl_orbeccen,pl_insol,st_met",retenido
TOI-1860 b,2022,True,9,3,True,True,"pl_bmasse,pl_orbeccen,pl_insol",retenido
TOI-2260 b,2022,True,9,3,True,True,"pl_bmasse,pl_orbeccen,pl_insol",retenido
TOI-2411 b,2022,True,8,4,True,True,"pl_bmasse,pl_orbeccen,pl_insol,st_met",retenido
TOI-2427 b,2022,True,8,4,True,True,"pl_bmasse,pl_orbeccen,pl_insol,st_met",retenido
TOI-2445 b,2022,True,8,4,True,True,"pl_bmasse,pl_orbeccen,pl_insol,st_met",retenido
GJ 3929 b,2022,True,12,0,True,True,,retenido
TOI-1759 b,2022,True,12,0,True,True,,retenido
HD 73583 b,2022,True,12,0,True,True,,retenido
HD 73583 c,2022,True,12,0,True,True,,retenido
TOI-1670 b,2022,True,11,1,True,True,pl_insol,retenido
TOI-1670 c,2022,True,11,1,True,True,pl_insol,retenido
TOI-1227 b,2022,True,7,5,False,False,"pl_bmasse,pl_orbeccen,pl_eqt,st_met,st_logg",menos_de_8_mediciones
TOI-620 b,2022,True,11,1,True,True,pl_bmasse,retenido
TOI-1246 b,2022,True,11,1,True,True,pl_orbeccen,retenido
TOI-1246 c,2022,True,11,1,True,True,pl_insol,retenido
TOI-1246 d,2022,True,11,1,True,True,pl_insol,retenido
TOI-1246 e,2022,True,11,1,True,True,pl_insol,retenido
TOI-1696 b,2022,True,10,2,True,True,"pl_orbeccen,pl_insol",retenido
TOI-2136 b,2022,True,12,0,True,True,,retenido
HIP 94235 b,2022,True,11,1,True,True,pl_insol,retenido
TOI-1710 b,2022,True,6,6,False,False,"pl_insol,pl_eqt,st_teff,st_mass,st_met,st_logg",menos_de_8_mediciones
TOI-1181 b,2022,True,9,3,True,True,"pl_orbsmax,pl_insol,pl_eqt",retenido
TOI-1516 b,2022,True,8,4,True,True,"pl_orbsmax,pl_orbeccen,pl_insol,pl_eqt",retenido
TOI-2046 b,2022,True,8,4,True,True,"pl_orbsmax,pl_orbeccen,pl_insol,pl_eqt",retenido
WASP-132 c,2022,True,12,0,True,True,,retenido
TOI-1107 b,2022,True,12,0,True,True,,retenido
HD 28109 b,2022,True,10,2,True,True,"pl_orbsmax,pl_insol",retenido
HD 28109 c,2022,True,10,2,True,True,"pl_orbsmax,pl_insol",retenido
HD 28109 d,2022,True,10,2,True,True,"pl_orbsmax,pl_insol",retenido
HD 260655 b,2022,True,12,0,True,True,,retenido
HD 260655 c,2022,True,12,0,True,True,,retenido
TOI-3714 b,2022,True,12,0,True,True,,retenido
TOI-3629 b,2022,True,12,0,True,True,,retenido
TOI-4479 b,2022,True,10,2,True,True,"pl_bmasse,pl_orbeccen",retenido
TOI-2081 b,2022,True,10,2,True,True,"pl_bmasse,pl_orbeccen",retenido
TOI-1272 b,2022,True,11,1,True,True,pl_insol,retenido
TOI-5153 b,2022,True,11,1,True,True,pl_insol,retenido
NGTS-20 b,2022,True,11,1,True,True,pl_insol,retenido
TOI-1422 b,2022,True,6,6,False,False,"pl_insol,st_teff,st_rad,st_mass,st_met,st_logg",menos_de_8_mediciones
HD 93963 A b,2022,True,11,1,True,True,pl_insol,retenido
HD 93963 A c,2022,True,11,1,True,True,pl_insol,retenido
TOI-128.01,2024,True,9,3,True,True,"pl_bmasse,pl_orbeccen,st_met",retenido
TOI-139 b,2023,True,8,4,True,True,"pl_orbsmax,pl_bmasse,pl_orbeccen,pl_insol",retenido
TOI-159 b,2026,False,11,1,True,False,pl_insol,fuera_corte_temporal_2026
GJ 3090 b,2022,True,11,1,True,True,st_logg,retenido
HD 18599 b,2022,True,10,2,True,True,"pl_insol,pl_eqt",retenido
TOI-181 b,2023,True,12,0,True,True,,retenido
TOI-199 b,2023,True,10,2,True,True,"pl_insol,pl_eqt",retenido
TOI-205 b,2026,False,5,7,False,False,"pl_orbsmax,pl_bmasse,pl_orbeccen,pl_insol,pl_eqt,st_mass,st_met",fuera_corte_temporal_2026
TOI-209 b,2026,False,5,7,False,False,"pl_orbsmax,pl_bmasse,pl_orbeccen,pl_insol,pl_eqt,st_mass,st_met",fuera_corte_temporal_2026
TOI-238 b,2024,True,11,1,True,True,pl_orbeccen,retenido
TOI-244 b,2023,True,11,1,True,True,pl_orbeccen,retenido
TOI-261.01,2021,True,9,3,True,True,"pl_bmasse,pl_orbeccen,st_met",retenido
TOI-261.02,2021,True,7,5,False,False,"pl_orbsmax,pl_bmasse,pl_orbeccen,st_mass,st_met",menos_de_8_mediciones
TOI-262 b,2023,True,9,3,True,True,"pl_bmasse,pl_orbeccen,pl_insol",retenido
HIP 8152 b,2023,True,11,1,True,True,pl_insol,retenido
HIP 8152 c,2023,True,11,1,True,True,pl_insol,retenido
TOI-277 b,2022,True,8,4,True,True,"pl_bmasse,pl_orbeccen,pl_insol,pl_eqt",retenido
TOI-283 b,2025,True,12,0,True,True,,retenido
TOI-286 b,2024,True,11,1,True,True,pl_insol,retenido
TOI-286 c,2024,True,11,1,True,True,pl_insol,retenido
TOI-329 b,2024,True,11,1,True,True,pl_insol,retenido
TOI-332 b,2023,True,11,1,True,True,pl_insol,retenido
TOI-333 b,2025,True,11,1,True,True,pl_insol,retenido
TOI-375 b,2026,False,12,0,True,False,,fuera_corte_temporal_2026
TOI-406.01,2024,True,12,0,True,True,,retenido
TOI-406 c,2024,True,12,0,True,True,,retenido
TOI-411 c,2022,True,11,1,True,True,pl_orbeccen,retenido
TOI-411 b,2022,True,11,1,True,True,pl_orbeccen,retenido
TOI-444 b,2023,True,9,3,True,True,"pl_bmasse,pl_orbeccen,pl_insol",retenido
HD 15906 b,2023,True,11,1,True,True,pl_bmasse,retenido
TOI-469.01,2021,True,11,1,True,True,pl_orbeccen,retenido
TOI-470 b,2023,True,9,3,True,True,"pl_bmasse,pl_orbeccen,pl_insol",retenido
TOI-480 b,2024,True,11,1,True,True,pl_insol,retenido
TOI-512 b,2025,True,11,1,True,True,pl_orbsmax,retenido
TOI-521 b,2025,True,12,0,True,True,,retenido
HD 25463 b,2023,True,11,1,True,True,pl_insol,retenido
HD 25463 c,2023,True,11,1,True,True,pl_insol,retenido
TOI-615 b,2023,True,12,0,True,True,,retenido
TOI-622 b,2023,True,12,0,True,True,,retenido
TOI-654.01,2024,True,12,0,True,True,,retenido
TOI-663 b,2024,True,11,1,True,True,pl_orbeccen,retenido
TOI-663 c,2024,True,11,1,True,True,pl_orbeccen,retenido
TOI-663 d,2024,True,11,1,True,True,pl_orbeccen,retenido
TOI-669 b,2023,True,11,1,True,True,pl_insol,retenido
TOI-672 b,2023,True,12,0,True,True,,retenido
TOI-682.01,2021,True,7,5,False,False,"pl_orbsmax,pl_bmasse,pl_orbeccen,st_mass,st_met",menos_de_8_mediciones
TOI-697 b,2026,False,5,7,False,False,"pl_orbsmax,pl_bmasse,pl_orbeccen,pl_insol,pl_eqt,st_mass,st_met",fuera_corte_temporal_2026
TOI-700 e,2023,True,10,2,True,True,"pl_bmasse,pl_eqt",retenido
TOI-707 b,2026,False,9,3,True,False,"pl_bmasse,pl_orbeccen,pl_insol",fuera_corte_temporal_2026
TOI-712 b,2022,True,11,1,True,True,pl_bmasse,retenido
TOI-712 c,2022,True,11,1,True,True,pl_bmasse,retenido
TOI-712 d,2022,True,11,1,True,True,pl_bmasse,retenido
TOI-715 b,2023,True,10,2,True,True,"pl_bmasse,pl_orbeccen",retenido
TOI-733 b,2023,True,12,0,True,True,,retenido
TOI-756 b,2025,True,12,0,True,True,,retenido
TOI-757 b,2024,True,11,1,True,True,pl_insol,retenido
TOI-762 A b,2024,True,11,1,True,True,pl_insol,retenido
TOI-771 b,2024,True,12,0,True,True,,retenido
TOI-778 b,2023,True,11,1,True,True,pl_insol,retenido
TOI-782 b,2024,True,12,0,True,True,,retenido
TOI-784 b,2023,True,10,2,True,True,"pl_insol,pl_eqt",retenido
TOI-791 b,2026,False,12,0,True,False,,fuera_corte_temporal_2026
TOI-799 b,2026,False,5,7,False,False,"pl_orbsmax,pl_bmasse,pl_orbeccen,pl_insol,pl_eqt,st_mass,st_met",fuera_corte_temporal_2026
TOI-808 b,2026,False,5,7,False,False,"pl_orbsmax,pl_bmasse,pl_orbeccen,pl_insol,pl_eqt,st_mass,st_met",fuera_corte_temporal_2026
TOI-815 b,2024,True,12,0,True,True,,retenido
WASP-108 b,2020,True,2,10,False,False,"pl_orbper,pl_orbsmax,pl_bmasse,pl_orbeccen,pl_insol,st_teff,st_rad,st_mass,st_met,st_logg",menos_de_8_mediciones
TOI-836.01,2021,True,12,0,True,True,,retenido
TOI-836 b,2023,True,12,0,True,True,,retenido
TOI-858 B b,2023,True,12,0,True,True,,retenido
TOI-871 b,2024,True,10,2,True,True,"pl_bmasse,pl_orbeccen",retenido
TOI-880 c,2025,True,9,3,True,True,"pl_bmasse,pl_orbeccen,pl_insol",retenido
TOI-880.02,2024,True,9,3,True,True,"pl_bmasse,pl_orbeccen,pl_insol",retenido
TOI-883 b,2026,False,5,7,False,False,"pl_orbsmax,pl_bmasse,pl_orbeccen,pl_insol,pl_eqt,st_mass,st_met",fuera_corte_temporal_2026
TOI-904 b,2023,True,8,4,True,True,"pl_bmasse,pl_orbeccen,pl_insol,st_logg",retenido
TOI-904 c,2023,True,8,4,True,True,"pl_bmasse,pl_orbeccen,pl_insol,st_logg",retenido
TOI-907.01,2024,True,9,3,True,True,"pl_bmasse,pl_orbeccen,st_met",retenido
TOI-908 b,2023,True,12,0,True,True,,retenido
LHS 475 b,2023,True,7,5,False,False,"pl_orbsmax,pl_bmasse,pl_orbeccen,pl_insol,st_met",menos_de_8_mediciones
TOI-912 b,2025,True,12,0,True,True,,retenido
TOI-913 b,2023,True,8,4,True,True,"pl_orbsmax,pl_bmasse,pl_orbeccen,pl_insol",retenido
TOI-921 b,2026,False,5,7,False,False,"pl_orbsmax,pl_bmasse,pl_orbeccen,pl_insol,pl_eqt,st_mass,st_met",fuera_corte_temporal_2026
TOI-929 b,2026,False,5,7,False,False,"pl_orbsmax,pl_bmasse,pl_orbeccen,pl_insol,pl_eqt,st_mass,st_met",fuera_corte_temporal_2026
TOI-938 b,2026,False,5,7,False,False,"pl_orbsmax,pl_bmasse,pl_orbeccen,pl_insol,pl_eqt,st_mass,st_met",fuera_corte_temporal_2026
TOI-941 b,2026,False,5,7,False,False,"pl_orbsmax,pl_bmasse,pl_orbeccen,pl_insol,pl_eqt,st_mass,st_met",fuera_corte_temporal_2026
TOI-969 b,2022,True,11,1,True,True,pl_orbeccen,retenido
TOI-1011 b,2025,True,9,3,True,True,"pl_orbsmax,pl_insol,pl_eqt",retenido
TOI-1036 b,2026,False,5,7,False,False,"pl_orbsmax,pl_bmasse,pl_orbeccen,pl_insol,pl_eqt,st_mass,st_met",fuera_corte_temporal_2026
TOI-1052 b,2023,True,12,0,True,True,,retenido
TOI-1054.01,2021,True,7,5,False,False,"pl_orbsmax,pl_bmasse,pl_orbeccen,st_mass,st_met",menos_de_8_mediciones
TOI-1080 b,2026,False,11,1,True,False,pl_orbeccen,fuera_corte_temporal_2026
HD 109833 b,2022,True,8,4,True,True,"pl_orbsmax,pl_bmasse,pl_insol,pl_eqt",retenido
HD 109833 c,2022,True,8,4,True,True,"pl_orbsmax,pl_bmasse,pl_insol,pl_eqt",retenido
TOI-1105 b,2026,False,5,7,False,False,"pl_orbsmax,pl_bmasse,pl_orbeccen,pl_insol,pl_eqt,st_mass,st_met",fuera_corte_temporal_2026
TOI-1117 b,2025,True,12,0,True,True,,retenido
TOI-1135 b,2024,True,12,0,True,True,,retenido
TOI-1136 d,2022,True,10,2,True,True,"pl_rade,pl_insol",retenido
TOI-1136 c,2022,True,10,2,True,True,"pl_rade,pl_insol",retenido
TOI-1136 f,2022,True,10,2,True,True,"pl_rade,pl_insol",retenido
TOI-1136 e,2022,True,9,3,True,True,"pl_orbsmax,pl_rade,pl_insol",retenido
TOI-1173 b,2024,True,12,0,True,True,,retenido
TOI-1174 b,2024,True,7,5,False,False,"pl_bmasse,pl_orbeccen,pl_eqt,st_met,st_logg",menos_de_8_mediciones
TOI-1180 b,2024,True,7,5,False,False,"pl_bmasse,pl_orbeccen,pl_eqt,st_met,st_logg",menos_de_8_mediciones
TOI-1184 b,2024,True,7,5,False,False,"pl_bmasse,pl_orbeccen,pl_eqt,st_met,st_logg",menos_de_8_mediciones
TOI-1194 b,2023,True,11,1,True,True,pl_insol,retenido
TOI-1199 b,2024,True,11,1,True,True,pl_insol,retenido
TOI-1203.01,2021,True,12,0,True,True,,retenido
TOI-1221 b,2023,True,12,0,True,True,,retenido
TOI-1226 b,2026,False,5,7,False,False,"pl_orbsmax,pl_bmasse,pl_orbeccen,pl_insol,pl_eqt,st_mass,st_met",fuera_corte_temporal_2026
HD 56414 b,2022,True,9,3,True,True,"pl_bmasse,pl_insol,st_logg",retenido
TOI-1230.01,2021,True,7,5,False,False,"pl_orbsmax,pl_bmasse,pl_orbeccen,st_mass,st_met",menos_de_8_mediciones
TOI-1232 b,2026,False,10,2,True,False,"pl_insol,pl_eqt",fuera_corte_temporal_2026
TOI-1238 c,2022,True,12,0,True,True,,retenido
TOI-1238 b,2022,True,12,0,True,True,,retenido
TOI-1243 b,2026,False,9,3,True,False,"pl_orbsmax,pl_orbeccen,pl_insol",fuera_corte_temporal_2026
TOI-1244 b,2024,True,7,5,False,False,"pl_bmasse,pl_orbeccen,pl_eqt,st_met,st_logg",menos_de_8_mediciones
HD 135694 b,2023,True,7,5,False,False,"pl_bmasse,pl_orbeccen,pl_eqt,st_met,st_logg",menos_de_8_mediciones
TOI-1248 b,2024,True,11,1,True,True,pl_insol,retenido
TOI-1249 b,2024,True,11,1,True,True,pl_insol,retenido
TOI-1269 b,2024,True,11,1,True,True,pl_insol,retenido
TOI-1269 c,2026,False,5,7,False,False,"pl_orbsmax,pl_bmasse,pl_orbeccen,pl_insol,pl_eqt,st_mass,st_met",fuera_corte_temporal_2026
TOI-1273 b,2024,True,11,1,True,True,pl_insol,retenido
TOI-1279 b,2024,True,11,1,True,True,pl_insol,retenido
TOI-1288 b,2022,True,11,1,True,True,pl_insol,retenido
TOI-1291 b,2026,False,5,7,False,False,"pl_orbsmax,pl_bmasse,pl_orbeccen,pl_insol,pl_eqt,st_mass,st_met",fuera_corte_temporal_2026
TOI-1294 b,2024,True,11,1,True,True,pl_insol,retenido
TOI-1295 b,2024,True,12,0,True,True,,retenido
TOI-1301.01,2024,True,7,5,False,False,"pl_bmasse,pl_orbeccen,pl_eqt,st_met,st_logg",menos_de_8_mediciones
TOI-1346 c,2025,True,8,4,True,True,"pl_orbsmax,pl_bmasse,pl_orbeccen,pl_insol",retenido
TOI-1346 b,2025,True,8,4,True,True,"pl_orbsmax,pl_bmasse,pl_orbeccen,pl_insol",retenido
TOI-1347 b,2024,True,10,2,True,True,"pl_orbsmax,pl_insol",retenido
TOI-1347 c,2024,True,10,2,True,True,"pl_orbsmax,pl_insol",retenido
TOI-1386 b,2024,True,11,1,True,True,pl_insol,retenido
TOI-1408 b,2023,True,10,2,True,True,"pl_insol,pl_eqt",retenido
TOI-1410.01,2024,True,11,1,True,True,pl_insol,retenido
TOI-1416 b,2023,True,12,0,True,True,,retenido
TOI-1420 b,2023,True,12,0,True,True,,retenido
HD 235088 b,2023,True,10,2,True,True,"pl_insol,pl_eqt",retenido
TOI-1437 b,2024,True,11,1,True,True,pl_eqt,retenido
TOI-1438 b,2025,True,12,0,True,True,,retenido
TOI-1438 c,2025,True,12,0,True,True,,retenido
TOI-1439 b,2024,True,11,1,True,True,pl_insol,retenido
TOI-1443 b,2024,True,11,1,True,True,pl_insol,retenido
TOI-1448 b,2024,True,12,0,True,True,,retenido
TOI-1450 A b,2024,True,9,3,True,True,"pl_orbsmax,pl_orbeccen,pl_insol",retenido
TOI-1451 b,2024,True,11,1,True,True,pl_insol,retenido
TOI-1452 b,2022,True,12,0,True,True,,retenido
TOI-1453 c,2025,True,11,1,True,True,pl_orbsmax,retenido
TOI-1453 b,2025,True,11,1,True,True,pl_orbsmax,retenido
TOI-1466 b,2026,False,5,7,False,False,"pl_orbsmax,pl_bmasse,pl_orbeccen,pl_insol,pl_eqt,st_mass,st_met",fuera_corte_temporal_2026
TOI-1467 b,2024,True,7,5,False,False,"pl_bmasse,pl_orbeccen,pl_eqt,st_met,st_logg",menos_de_8_mediciones
TOI-1468 c,2022,True,12,0,True,True,,retenido
TOI-1468 b,2022,True,12,0,True,True,,retenido
TOI-1470 b,2023,True,12,0,True,True,,retenido
HIP 9618 b,2023,True,11,1,True,True,pl_insol,retenido
HIP 9618 c,2023,True,11,1,True,True,pl_insol,retenido
TOI-1472 b,2024,True,11,1,True,True,pl_insol,retenido
HD 6061 b,2023,True,11,1,True,True,pl_insol,retenido
TOI-1533 b,2026,False,10,2,True,False,"pl_insol,pl_eqt",fuera_corte_temporal_2026
TOI-1630.01,2024,True,7,5,False,False,"pl_bmasse,pl_orbeccen,pl_eqt,st_met,st_logg",menos_de_8_mediciones
TOI-1648 b,2025,True,11,1,True,True,pl_insol,retenido
TOI-1659.01,2024,True,7,5,False,False,"pl_bmasse,pl_orbeccen,pl_eqt,st_met,st_logg",menos_de_8_mediciones
TOI-1669 c,2024,True,11,1,True,True,pl_insol,retenido
TOI-1680 b,2023,True,10,2,True,True,"pl_bmasse,pl_orbeccen",retenido
TOI-1683.01,2024,True,9,3,True,True,"pl_bmasse,pl_orbeccen,st_met",retenido
TOI-1691 b,2024,True,7,5,False,False,"pl_bmasse,pl_orbeccen,pl_eqt,st_met,st_logg",menos_de_8_mediciones
TOI-1694 b,2023,True,11,1,True,True,pl_insol,retenido
TOI-1695 b,2022,True,12,0,True,True,,retenido
TOI-1716.01,2024,True,7,5,False,False,"pl_bmasse,pl_orbeccen,pl_eqt,st_met,st_logg",menos_de_8_mediciones
TOI-1718 b,2026,False,5,7,False,False,"pl_orbsmax,pl_bmasse,pl_orbeccen,pl_insol,pl_eqt,st_mass,st_met",fuera_corte_temporal_2026
TOI-1722 b,2026,False,5,7,False,False,"pl_orbsmax,pl_bmasse,pl_orbeccen,pl_insol,pl_eqt,st_mass,st_met",fuera_corte_temporal_2026
TOI-1723 b,2024,True,7,5,False,False,"pl_bmasse,pl_orbeccen,pl_eqt,st_met,st_logg",menos_de_8_mediciones
LHS 1903 c,2026,False,12,0,True,False,,fuera_corte_temporal_2026
LHS 1903 b,2026,False,12,0,True,False,,fuera_corte_temporal_2026
LHS 1903 d,2026,False,12,0,True,False,,fuera_corte_temporal_2026
TOI-1732 b,2026,False,5,7,False,False,"pl_orbsmax,pl_bmasse,pl_orbeccen,pl_insol,pl_eqt,st_mass,st_met",fuera_corte_temporal_2026
TOI-1736 b,2023,True,11,1,True,True,pl_insol,retenido
TOI-1739 b,2024,True,7,5,False,False,"pl_bmasse,pl_orbeccen,pl_eqt,st_met,st_logg",menos_de_8_mediciones
TOI-1742 b,2024,True,11,1,True,True,pl_insol,retenido
TOI-1743 b,2025,True,9,3,True,True,"pl_bmasse,pl_orbeccen,pl_insol",retenido
TOI-1744.01,2024,True,7,5,False,False,"pl_bmasse,pl_orbeccen,pl_eqt,st_met,st_logg",menos_de_8_mediciones
TOI-1750 b,2026,False,5,7,False,False,"pl_orbsmax,pl_bmasse,pl_orbeccen,pl_insol,pl_eqt,st_mass,st_met",fuera_corte_temporal_2026
TOI-1751 b,2024,True,11,1,True,True,pl_insol,retenido
TOI-1752 b,2026,False,9,3,True,False,"pl_bmasse,pl_orbeccen,pl_insol",fuera_corte_temporal_2026
TOI-1752 c,2026,False,9,3,True,False,"pl_bmasse,pl_orbeccen,pl_insol",fuera_corte_temporal_2026
TOI-1753 b,2024,True,11,1,True,True,pl_insol,retenido
TOI-1756 b,2026,False,5,7,False,False,"pl_orbsmax,pl_bmasse,pl_orbeccen,pl_insol,pl_eqt,st_mass,st_met",fuera_corte_temporal_2026
TOI-1758 b,2024,True,7,5,False,False,"pl_bmasse,pl_orbeccen,pl_eqt,st_met,st_logg",menos_de_8_mediciones
TOI-1768.01,2024,True,7,5,False,False,"pl_bmasse,pl_orbeccen,pl_eqt,st_met,st_logg",menos_de_8_mediciones
TOI-1772.01,2024,True,7,5,False,False,"pl_bmasse,pl_orbeccen,pl_eqt,st_met,st_logg",menos_de_8_mediciones
TOI-1774.01,2021,True,10,2,True,True,"pl_orbsmax,pl_insol",retenido
TOI-1775 b,2024,True,11,1,True,True,pl_insol,retenido
TOI-1776 b,2024,True,11,1,True,True,pl_insol,retenido
TOI-1777.01,2024,True,7,5,False,False,"pl_bmasse,pl_orbeccen,pl_eqt,st_met,st_logg",menos_de_8_mediciones
HD 77946 b,2024,True,11,1,True,True,pl_insol,retenido
TOI-1782.01,2024,True,7,5,False,False,"pl_bmasse,pl_orbeccen,pl_eqt,st_met,st_logg",menos_de_8_mediciones
TOI-1782.02,2024,True,7,5,False,False,"pl_bmasse,pl_orbeccen,pl_eqt,st_met,st_logg",menos_de_8_mediciones
TOI-1794 b,2024,True,11,1,True,True,pl_insol,retenido
TOI-1798.01,2024,True,7,5,False,False,"pl_bmasse,pl_orbeccen,pl_eqt,st_met,st_logg",menos_de_8_mediciones
TOI-1798.02,2024,True,7,5,False,False,"pl_bmasse,pl_orbeccen,pl_eqt,st_met,st_logg",menos_de_8_mediciones
TOI-1799 b,2024,True,7,5,False,False,"pl_bmasse,pl_orbeccen,pl_eqt,st_met,st_logg",menos_de_8_mediciones
TOI-1801 b,2023,True,10,2,True,True,"pl_orbsmax,pl_insol",retenido
TOI-1803 c,2025,True,12,0,True,True,,retenido
TOI-1803 b,2025,True,12,0,True,True,,retenido
TOI-1806.01,2024,True,9,3,True,True,"pl_bmasse,pl_orbeccen,st_met",retenido
TOI-1811 b,2023,True,11,1,True,True,pl_insol,retenido
TOI-1814 b,2026,False,5,7,False,False,"pl_orbsmax,pl_bmasse,pl_orbeccen,pl_insol,pl_eqt,st_mass,st_met",fuera_corte_temporal_2026
TOI-1820 b,2022,True,11,1,True,True,pl_insol,retenido
TOI-1823 b,2024,True,11,1,True,True,pl_insol,retenido
TOI-1824 b,2024,True,11,1,True,True,pl_insol,retenido
TOI-1836 b,2024,True,11,1,True,True,pl_insol,retenido
TOI-1836 c,2024,True,11,1,True,True,pl_insol,retenido
TOI-1839 b,2026,False,5,7,False,False,"pl_orbsmax,pl_bmasse,pl_orbeccen,pl_insol,pl_eqt,st_mass,st_met",fuera_corte_temporal_2026
TOI-1846 b,2025,True,10,2,True,True,"pl_bmasse,pl_orbeccen",retenido
TOI-1853 b,2023,True,11,1,True,True,pl_insol,retenido
TOI-1855 b,2024,True,11,1,True,True,pl_insol,retenido
TOI-1859 b,2023,True,9,3,True,True,"pl_bmasse,pl_insol,pl_eqt",retenido
TOI-1873 b,2026,False,5,7,False,False,"pl_orbsmax,pl_bmasse,pl_orbeccen,pl_insol,pl_eqt,st_mass,st_met",fuera_corte_temporal_2026
TOI-1883 b,2024,True,12,0,True,True,,retenido
TOI-1898 b,2024,True,11,1,True,True,pl_insol,retenido
TOI-1937 A b,2023,True,12,0,True,True,,retenido
TOI-1994 b,2024,True,11,1,True,True,pl_insol,retenido
TOI-2000 c,2023,True,12,0,True,True,,retenido
TOI-2000 b,2023,True,12,0,True,True,,retenido
TOI-2005 b,2025,True,10,2,True,True,"pl_insol,pl_eqt",retenido
TOI-2010 b,2023,True,12,0,True,True,,retenido
TOI-2015 b,2023,True,12,0,True,True,,retenido
TOI-2019 b,2024,True,11,1,True,True,pl_insol,retenido
TOI-2025 b,2022,True,11,1,True,True,pl_insol,retenido
TOI-2031 A b,2025,True,12,0,True,True,,retenido
TOI-2048 b,2022,True,7,5,False,False,"pl_orbsmax,pl_bmasse,pl_insol,pl_eqt,st_logg",menos_de_8_mediciones
TOI-2068 b,2024,True,10,2,True,True,"pl_bmasse,pl_orbeccen",retenido
TOI-2071 b,2026,False,5,7,False,False,"pl_orbsmax,pl_bmasse,pl_orbeccen,pl_insol,pl_eqt,st_mass,st_met",fuera_corte_temporal_2026
TOI-2084 b,2023,True,10,2,True,True,"pl_bmasse,pl_orbeccen",retenido
TOI-2088 b,2024,True,11,1,True,True,pl_insol,retenido
TOI-2092 b,2026,False,5,7,False,False,"pl_orbsmax,pl_bmasse,pl_orbeccen,pl_insol,pl_eqt,st_mass,st_met",fuera_corte_temporal_2026
TOI-2093 c,2025,True,11,1,True,True,pl_insol,retenido
TOI-2094 b,2026,False,10,2,True,False,"pl_bmasse,pl_orbeccen",fuera_corte_temporal_2026
TOI-2095 b,2023,True,12,0,True,True,,retenido
TOI-2095 c,2023,True,12,0,True,True,,retenido
TOI-2096 b,2023,True,11,1,True,True,pl_bmasse,retenido
TOI-2096 c,2023,True,11,1,True,True,pl_bmasse,retenido
TOI-2104 b,2026,False,5,7,False,False,"pl_orbsmax,pl_bmasse,pl_orbeccen,pl_insol,pl_eqt,st_mass,st_met",fuera_corte_temporal_2026
TOI-2107 b,2024,True,11,1,True,True,pl_insol,retenido
TOI-2120 b,2024,True,12,0,True,True,,retenido
TOI-2128 b,2024,True,11,1,True,True,pl_insol,retenido
TOI-2133 b,2026,False,9,3,True,False,"pl_bmasse,pl_orbeccen,pl_insol",fuera_corte_temporal_2026
TOI-2134 b,2023,True,12,0,True,True,,retenido
TOI-2134 c,2023,True,12,0,True,True,,retenido
TOI-2141 b,2023,True,11,1,True,True,pl_orbeccen,retenido
TOI-2145 b,2023,True,10,2,True,True,"pl_insol,pl_eqt",retenido
TOI-2147 b,2026,False,11,1,True,False,pl_insol,fuera_corte_temporal_2026
TOI-2152 A b,2023,True,11,1,True,True,pl_insol,retenido
TOI-2154 b,2023,True,11,1,True,True,pl_insol,retenido
TOI-2158 b,2022,True,11,1,True,True,pl_insol,retenido
TOI-2169 A b,2025,True,12,0,True,True,,retenido
TOI-2193 A b,2022,True,12,0,True,True,,retenido
TOI-2194 b,2023,True,8,4,True,True,"pl_orbsmax,pl_bmasse,pl_orbeccen,pl_insol",retenido
TOI-2196 b,2022,True,12,0,True,True,,retenido
TOI-2200 b,2026,False,5,7,False,False,"pl_orbsmax,pl_bmasse,pl_orbeccen,pl_insol,pl_eqt,st_mass,st_met",fuera_corte_temporal_2026
TOI-2207 b,2022,True,12,0,True,True,,retenido
TOI-2211.01,2024,True,7,5,False,False,"pl_bmasse,pl_orbeccen,pl_eqt,st_met,st_logg",menos_de_8_mediciones
TOI-2227 b,2026,False,5,7,False,False,"pl_orbsmax,pl_bmasse,pl_orbeccen,pl_insol,pl_eqt,st_mass,st_met",fuera_corte_temporal_2026
TOI-2236 b,2022,True,12,0,True,True,,retenido
TOI-2266 b,2024,True,8,4,True,True,"pl_bmasse,pl_orbeccen,st_met,st_logg",retenido
TOI-2267 c,2025,True,10,2,True,True,"pl_bmasse,pl_orbeccen",retenido
TOI-2267 b,2025,True,10,2,True,True,"pl_bmasse,pl_orbeccen",retenido
TOI-2274 b,2024,True,8,4,True,True,"pl_bmasse,pl_orbeccen,pl_insol,st_met",retenido
TOI-2295 b,2024,True,11,1,True,True,pl_insol,retenido
TOI-2322 c,2025,True,12,0,True,True,,retenido
TOI-2322 b,2025,True,12,0,True,True,,retenido
TOI-2328 b,2025,True,11,1,True,True,pl_insol,retenido
TOI-2338 b,2023,True,11,1,True,True,pl_insol,retenido
TOI-2345 b,2025,True,11,1,True,True,pl_orbeccen,retenido
TOI-2345 c,2025,True,11,1,True,True,pl_orbeccen,retenido
TOI-2346 b,2025,True,12,0,True,True,,retenido
TOI-2364 b,2023,True,12,0,True,True,,retenido
TOI-2368 b,2024,True,11,1,True,True,pl_insol,retenido
TOI-2373 b,2023,True,11,1,True,True,pl_insol,retenido
TOI-2374 b,2024,True,11,1,True,True,pl_orbeccen,retenido
TOI-2379 b,2024,True,12,0,True,True,,retenido
TOI-2382 b,2025,True,12,0,True,True,,retenido
TOI-2384 b,2024,True,12,0,True,True,,retenido
TOI-2407 b,2025,True,10,2,True,True,"pl_bmasse,st_logg",retenido
TOI-2416 b,2023,True,11,1,True,True,pl_insol,retenido
TOI-2420 b,2024,True,9,3,True,True,"st_teff,st_met,st_logg",retenido
TOI-2421 b,2022,True,12,0,True,True,,retenido
TOI-2431 b,2026,False,11,1,True,False,pl_insol,fuera_corte_temporal_2026
TOI-2447 b,2024,True,11,1,True,True,pl_insol,retenido
TOI-2449 b,2025,True,11,1,True,True,pl_insol,retenido
TOI-2453 b,2026,False,5,7,False,False,"pl_orbsmax,pl_bmasse,pl_orbeccen,pl_insol,pl_eqt,st_mass,st_met",fuera_corte_temporal_2026
TOI-2458 b,2024,True,12,0,True,True,,retenido
TOI-2459 b,2023,True,7,5,False,False,"pl_orbsmax,pl_bmasse,pl_orbeccen,pl_insol,st_met",menos_de_8_mediciones
TOI-2485 b,2024,True,9,3,True,True,"st_teff,st_met,st_logg",retenido
TOI-2497 b,2023,True,11,1,True,True,pl_insol,retenido
TOI-2498 b,2023,True,11,1,True,True,pl_insol,retenido
TOI-2518 b,2026,False,5,7,False,False,"pl_orbsmax,pl_bmasse,pl_orbeccen,pl_insol,pl_eqt,st_mass,st_met",fuera_corte_temporal_2026
TOI-2524 b,2023,True,11,1,True,True,pl_insol,retenido
TOI-2525 b,2023,True,10,2,True,True,"pl_insol,pl_eqt",retenido
TOI-2525 c,2023,True,10,2,True,True,"pl_insol,pl_eqt",retenido
TOI-2529 b,2024,True,11,1,True,True,pl_insol,retenido
TIC 52059926 b,2026,False,11,1,True,False,pl_insol,fuera_corte_temporal_2026
TOI-2537 b,2024,True,11,1,True,True,pl_insol,retenido
TOI-2545 b,2022,True,7,5,False,False,"pl_orbsmax,pl_bmasse,pl_orbeccen,pl_insol,pl_eqt",menos_de_8_mediciones
TOI-2567 b,2022,True,12,0,True,True,,retenido
TOI-2570 b,2022,True,12,0,True,True,,retenido
TOI-2580 b,2024,True,12,0,True,True,,retenido
TOI-2583 A b,2023,True,12,0,True,True,,retenido
TOI-2587 A b,2023,True,12,0,True,True,,retenido
TOI-2589 b,2023,True,11,1,True,True,pl_insol,retenido
TOI-2641 b,2023,True,12,0,True,True,,retenido
TOI-2654 b,2026,False,5,7,False,False,"pl_orbsmax,pl_bmasse,pl_orbeccen,pl_insol,pl_eqt,st_mass,st_met",fuera_corte_temporal_2026
TOI-2714 b,2024,True,11,1,True,True,pl_insol,retenido
TOI-2719 b,2025,True,8,4,True,True,"pl_orbsmax,pl_bmasse,pl_orbeccen,pl_insol",retenido
NGTS-31 b,2025,True,12,0,True,True,,retenido
TOI-2768 b,2024,True,8,4,True,True,"pl_bmasse,pl_orbeccen,pl_insol,st_met",retenido
TOI-2796 b,2023,True,12,0,True,True,,retenido
TOI-2803 A b,2023,True,12,0,True,True,,retenido
TOI-2818 b,2023,True,12,0,True,True,,retenido
TOI-2842 b,2023,True,12,0,True,True,,retenido
TOI-2876 b,2025,True,12,0,True,True,,retenido
TOI-2886 b,2025,True,12,0,True,True,,retenido
TOI-2969 b,2025,True,12,0,True,True,,retenido
TOI-2977 b,2023,True,12,0,True,True,,retenido
TOI-2981 b,2024,True,11,1,True,True,pl_insol,retenido
TOI-2986 b,2025,True,12,0,True,True,,retenido
TOI-2989 b,2025,True,12,0,True,True,,retenido
TOI-2992 b,2025,True,12,0,True,True,,retenido
TOI-3023 b,2023,True,12,0,True,True,,retenido
TOI-3071 b,2024,True,11,1,True,True,pl_insol,retenido
TOI-3082 b,2023,True,8,4,True,True,"pl_orbsmax,pl_bmasse,pl_orbeccen,pl_insol",retenido
TOI-3135 b,2025,True,12,0,True,True,,retenido
TOI-3160 A b,2025,True,12,0,True,True,,retenido
NGTS-27 b,2024,True,12,0,True,True,,retenido
TOI-3235 b,2023,True,11,1,True,True,pl_insol,retenido
TOI-3261 b,2024,True,12,0,True,True,,retenido
TOI-3288 b,2025,True,12,0,True,True,,retenido
TOI-3321 b,2024,True,11,1,True,True,pl_insol,retenido
TOI-3331 A b,2022,True,12,0,True,True,,retenido
TOI-3353.01,2024,True,9,3,True,True,"pl_bmasse,pl_orbeccen,st_met",retenido
TOI-3364 b,2023,True,12,0,True,True,,retenido
TOI-3457 b,2026,False,11,1,True,False,pl_insol,fuera_corte_temporal_2026
TOI-3464 b,2025,True,12,0,True,True,,retenido
TOI-3474 b,2025,True,12,0,True,True,,retenido
TOI-3486 b,2025,True,12,0,True,True,,retenido
TOI-3493 b,2025,True,10,2,True,True,"pl_orbsmax,pl_orbeccen",retenido
TOI-3523 A b,2025,True,12,0,True,True,,retenido
TOI-3540 A b,2022,True,12,0,True,True,,retenido
TOI-3568 b,2024,True,11,1,True,True,pl_insol,retenido
TOI-3593 b,2025,True,12,0,True,True,,retenido
TOI-3664 b,2026,False,11,1,True,False,pl_insol,fuera_corte_temporal_2026
TOI-3682 b,2025,True,12,0,True,True,,retenido
TOI-3688 A b,2023,True,12,0,True,True,,retenido
TOI-3693 b,2022,True,12,0,True,True,,retenido
TOI-3757 b,2022,True,12,0,True,True,,retenido
TOI-3785 b,2023,True,12,0,True,True,,retenido
TOI-3807 b,2023,True,12,0,True,True,,retenido
TOI-3819 b,2023,True,12,0,True,True,,retenido
TOI-3837 b,2025,True,11,1,True,True,pl_insol,retenido
TOI-3856 b,2025,True,12,0,True,True,,retenido
TOI-3862 b,2026,False,11,1,True,False,pl_insol,fuera_corte_temporal_2026
TOI-3877 b,2025,True,12,0,True,True,,retenido
TOI-3884 b,2022,True,12,0,True,True,,retenido
TOI-3894 b,2024,True,11,1,True,True,pl_insol,retenido
TOI-3896 b,2026,False,5,7,False,False,"pl_orbsmax,pl_bmasse,pl_orbeccen,pl_insol,pl_eqt,st_mass,st_met",fuera_corte_temporal_2026
TOI-3912 b,2023,True,12,0,True,True,,retenido
TOI-3919 b,2024,True,11,1,True,True,pl_insol,retenido
TOI-3976 A b,2023,True,12,0,True,True,,retenido
TOI-3980 b,2025,True,12,0,True,True,,retenido
TOI-3984 A b,2023,True,12,0,True,True,,retenido
TOI-4010 c,2023,True,12,0,True,True,,retenido
TOI-4010 d,2023,True,12,0,True,True,,retenido
TOI-4010 b,2023,True,12,0,True,True,,retenido
TOI-4029 b,2026,False,5,7,False,False,"pl_orbsmax,pl_bmasse,pl_orbeccen,pl_insol,pl_eqt,st_mass,st_met",fuera_corte_temporal_2026
TOI-4030 b,2026,False,5,7,False,False,"pl_orbsmax,pl_bmasse,pl_orbeccen,pl_insol,pl_eqt,st_mass,st_met",fuera_corte_temporal_2026
TOI-4034 b,2026,False,11,1,True,False,pl_insol,fuera_corte_temporal_2026
TOI-4087 b,2023,True,12,0,True,True,,retenido
TOI-4127 b,2023,True,11,1,True,True,pl_insol,retenido
TOI-4137 b,2022,True,12,0,True,True,,retenido
TOI-4145 A b,2023,True,12,0,True,True,,retenido
TOI-4153 b,2024,True,11,1,True,True,pl_insol,retenido
TOI-4155 b,2025,True,8,4,True,True,"pl_orbsmax,pl_bmasse,pl_orbeccen,pl_insol",retenido
TOI-4156 b,2026,False,5,7,False,False,"pl_orbsmax,pl_bmasse,pl_orbeccen,pl_insol,pl_eqt,st_mass,st_met",fuera_corte_temporal_2026
TOI-4184 b,2023,True,10,2,True,True,"pl_bmasse,pl_orbeccen",retenido
HD 35843 c,2025,True,11,1,True,True,pl_insol,retenido
TOI-4201 b,2023,True,12,0,True,True,,retenido
TOI-4214 b,2025,True,12,0,True,True,,retenido
LP 890-9 b,2022,True,11,1,True,True,pl_orbeccen,retenido
TOI-4308 b,2023,True,7,5,False,False,"pl_orbsmax,pl_bmasse,pl_orbeccen,pl_insol,st_met",menos_de_8_mediciones
TOI-4311 c,2026,False,12,0,True,False,,fuera_corte_temporal_2026
TOI-4311 b,2026,False,11,1,True,False,pl_orbeccen,fuera_corte_temporal_2026
TOI-4336 A b,2024,True,12,0,True,True,,retenido
TOI-4342 b,2023,True,12,0,True,True,,retenido
TOI-4342 c,2023,True,12,0,True,True,,retenido
TOI-4363 b,2026,False,5,7,False,False,"pl_orbsmax,pl_bmasse,pl_orbeccen,pl_insol,pl_eqt,st_mass,st_met",fuera_corte_temporal_2026
TOI-4364 b,2025,True,10,2,True,True,"pl_bmasse,pl_insol",retenido
TOI-4377 b,2023,True,10,2,True,True,"pl_insol,pl_eqt",retenido
TOI-4379 b,2024,True,9,3,True,True,"pl_orbsmax,pl_insol,pl_eqt",retenido
TOI-4405 b,2026,False,5,7,False,False,"pl_orbsmax,pl_bmasse,pl_orbeccen,pl_insol,pl_eqt,st_mass,st_met",fuera_corte_temporal_2026
TOI-4406 b,2023,True,11,1,True,True,pl_insol,retenido
TOI-4438 b,2024,True,12,0,True,True,,retenido
TOI-4443.01,2024,True,9,3,True,True,"pl_bmasse,pl_orbeccen,st_met",retenido
TOI-4463 A b,2023,True,12,0,True,True,,retenido
TOI-4465 b,2025,True,11,1,True,True,pl_insol,retenido
TOI-4487 A b,2025,True,12,0,True,True,,retenido
Ross 176 b,2025,True,12,0,True,True,,retenido
TOI-4495 c,2024,True,11,1,True,True,pl_insol,retenido
TOI-4495 b,2026,False,11,1,True,False,pl_insol,fuera_corte_temporal_2026
TOI-4504 c,2024,True,10,2,True,True,"pl_insol,pl_eqt",retenido
TOI-4504 b,2024,True,9,3,True,True,"pl_bmasse,pl_insol,pl_eqt",retenido
TOI-4507 b,2025,True,10,2,True,True,"pl_insol,pl_eqt",retenido
TOI-4511 b,2026,False,5,7,False,False,"pl_orbsmax,pl_bmasse,pl_orbeccen,pl_insol,pl_eqt,st_mass,st_met",fuera_corte_temporal_2026
TOI-4513 b,2026,False,5,7,False,False,"pl_orbsmax,pl_bmasse,pl_orbeccen,pl_insol,pl_eqt,st_mass,st_met",fuera_corte_temporal_2026
TOI-4515 b,2024,True,11,1,True,True,pl_insol,retenido
HD 20329 b,2022,True,12,0,True,True,,retenido
TOI-4529 b,2026,False,9,3,True,False,"pl_orbsmax,pl_orbeccen,pl_insol",fuera_corte_temporal_2026
TOI-4551 b,2023,True,10,2,True,True,"pl_insol,pl_eqt",retenido
TOI-4552 b,2026,False,12,0,True,False,,fuera_corte_temporal_2026
TOI-4559 b,2024,True,10,2,True,True,"pl_bmasse,pl_orbeccen",retenido
TOI-4561 b,2026,False,5,7,False,False,"pl_orbsmax,pl_bmasse,pl_orbeccen,pl_insol,pl_eqt,st_mass,st_met",fuera_corte_temporal_2026
TOI-4562 b,2023,True,6,6,False,False,"pl_orbsmax,pl_rade,pl_bmasse,pl_orbeccen,pl_insol,pl_eqt",menos_de_8_mediciones
TOI-4578 b,2026,False,5,7,False,False,"pl_orbsmax,pl_bmasse,pl_orbeccen,pl_insol,pl_eqt,st_mass,st_met",fuera_corte_temporal_2026
TOI-4582 b,2023,True,9,3,True,True,"pl_orbsmax,pl_insol,pl_eqt",retenido
TOI-4600 b,2023,True,11,1,True,True,pl_insol,retenido
TOI-4602.01,2024,True,12,0,True,True,,retenido
TOI-4603 b,2023,True,12,0,True,True,,retenido
TOI-4633 c,2024,True,9,3,True,True,"pl_eqt,st_met,st_logg",retenido
TOI-4638.01,2024,True,7,5,False,False,"pl_bmasse,pl_orbeccen,pl_eqt,st_met,st_logg",menos_de_8_mediciones
TOI-4640 b,2026,False,5,7,False,False,"pl_orbsmax,pl_bmasse,pl_orbeccen,pl_insol,pl_eqt,st_mass,st_met",fuera_corte_temporal_2026
TOI-4641 b,2023,True,10,2,True,True,"pl_insol,pl_eqt",retenido
TOI-4662 b,2026,False,5,7,False,False,"pl_orbsmax,pl_bmasse,pl_orbeccen,pl_insol,pl_eqt,st_mass,st_met",fuera_corte_temporal_2026
TOI-4666 b,2025,True,12,0,True,True,,retenido
TIC 9344899 b,2026,False,11,1,True,False,pl_insol,fuera_corte_temporal_2026
TOI-4734 b,2025,True,12,0,True,True,,retenido
TOI-4747 b,2026,False,5,7,False,False,"pl_orbsmax,pl_bmasse,pl_orbeccen,pl_insol,pl_eqt,st_mass,st_met",fuera_corte_temporal_2026
TOI-4773 b,2025,True,11,1,True,True,pl_insol,retenido
TOI-4791 b,2023,True,12,0,True,True,,retenido
TOI-4794 b,2025,True,12,0,True,True,,retenido
TOI-4860 b,2023,True,12,0,True,True,,retenido
NGTS-30 b,2024,True,11,1,True,True,pl_insol,retenido
TOI-4898 b,2026,False,5,7,False,False,"pl_orbsmax,pl_bmasse,pl_orbeccen,pl_insol,pl_eqt,st_mass,st_met",fuera_corte_temporal_2026
TOI-4914 b,2024,True,11,1,True,True,pl_insol,retenido
TOI-4930 b,2026,False,5,7,False,False,"pl_orbsmax,pl_bmasse,pl_orbeccen,pl_insol,pl_eqt,st_mass,st_met",fuera_corte_temporal_2026
TOI-4940 b,2025,True,10,2,True,True,"pl_orbeccen,pl_insol",retenido
TOI-4961 b,2025,True,12,0,True,True,,retenido
BD-14 3065 b,2024,True,11,1,True,True,pl_insol,retenido
TOI-4994 b,2024,True,12,0,True,True,,retenido
TOI-5005 b,2024,True,11,1,True,True,pl_orbeccen,retenido
TOI-5007 b,2026,False,12,0,True,False,,fuera_corte_temporal_2026
TOI-5027 b,2025,True,11,1,True,True,pl_insol,retenido
TOI-5076 b,2024,True,11,1,True,True,pl_insol,retenido
TOI-5082.01,2024,True,9,3,True,True,"pl_bmasse,pl_orbeccen,st_met",retenido
TOI-5108 b,2025,True,10,2,True,True,"pl_orbeccen,pl_insol",retenido
TOI-5110 b,2024,True,11,1,True,True,pl_insol,retenido
TOI-5126 b,2023,True,11,1,True,True,pl_bmasse,retenido
TOI-5126 c,2023,True,11,1,True,True,pl_bmasse,retenido
TOI-5143 c,2025,True,8,4,True,True,"pl_bmasse,pl_orbeccen,pl_insol,pl_eqt",retenido
TOI-5159 b,2026,False,5,7,False,False,"pl_orbsmax,pl_bmasse,pl_orbeccen,pl_insol,pl_eqt,st_mass,st_met",fuera_corte_temporal_2026
TOI-5160 b,2026,False,5,7,False,False,"pl_orbsmax,pl_bmasse,pl_orbeccen,pl_insol,pl_eqt,st_mass,st_met",fuera_corte_temporal_2026
TOI-5174 b,2022,True,7,5,False,False,"pl_orbsmax,pl_bmasse,pl_orbeccen,pl_insol,pl_eqt",menos_de_8_mediciones
TOI-5181 A b,2025,True,12,0,True,True,,retenido
TOI-5205 b,2023,True,12,0,True,True,,retenido
TOI-5210 b,2025,True,12,0,True,True,,retenido
TOI-5218 b,2024,True,12,0,True,True,,retenido
TOI-5232 b,2024,True,11,1,True,True,pl_insol,retenido
TOI-5238 b,2022,True,6,6,False,False,"pl_orbsmax,pl_bmasse,pl_orbeccen,pl_insol,pl_eqt,st_met",menos_de_8_mediciones
TOI-5261 b,2025,True,11,1,True,True,pl_insol,retenido
TOI-5292 A b,2026,False,12,0,True,False,,fuera_corte_temporal_2026
TOI-5293 A b,2023,True,12,0,True,True,,retenido
TOI-5300 b,2025,True,12,0,True,True,,retenido
TOI-5301 b,2024,True,11,1,True,True,pl_insol,retenido
TOI-5319 b,2024,True,8,4,True,True,"pl_bmasse,pl_orbeccen,pl_insol,st_met",retenido
TOI-5322 b,2025,True,12,0,True,True,,retenido
TOI-5335 b,2026,False,5,7,False,False,"pl_orbsmax,pl_bmasse,pl_orbeccen,pl_insol,pl_eqt,st_mass,st_met",fuera_corte_temporal_2026
TOI-5340 b,2025,True,12,0,True,True,,retenido
TOI-5344 b,2023,True,12,0,True,True,,retenido
TOI-5349 b,2026,False,12,0,True,False,,fuera_corte_temporal_2026
TOI-5350 b,2025,True,11,1,True,True,pl_insol,retenido
TOI-5380 b,2026,False,5,7,False,False,"pl_orbsmax,pl_bmasse,pl_orbeccen,pl_insol,pl_eqt,st_mass,st_met",fuera_corte_temporal_2026
TOI-5386 A b,2025,True,12,0,True,True,,retenido
TOI-5388.01,2024,True,9,3,True,True,"pl_orbsmax,pl_orbeccen,pl_insol",retenido
TOI-5398 b,2022,True,11,1,True,True,pl_insol,retenido
TOI-5398 c,2023,True,11,1,True,True,pl_insol,retenido
TOI-5422 b,2026,False,12,0,True,False,,fuera_corte_temporal_2026
TOI-5486 b,2026,False,5,7,False,False,"pl_orbsmax,pl_bmasse,pl_orbeccen,pl_insol,pl_eqt,st_mass,st_met",fuera_corte_temporal_2026
TOI-5489 b,2025,True,6,6,False,False,"pl_orbsmax,pl_bmasse,pl_orbeccen,pl_insol,st_met,st_logg",menos_de_8_mediciones
TOI-5502 b,2026,False,5,7,False,False,"pl_orbsmax,pl_bmasse,pl_orbeccen,pl_insol,pl_eqt,st_mass,st_met",fuera_corte_temporal_2026
TOI-5515 b,2026,False,5,7,False,False,"pl_orbsmax,pl_bmasse,pl_orbeccen,pl_insol,pl_eqt,st_mass,st_met",fuera_corte_temporal_2026
TOI-5532 b,2026,False,5,7,False,False,"pl_orbsmax,pl_bmasse,pl_orbeccen,pl_insol,pl_eqt,st_mass,st_met",fuera_corte_temporal_2026
TOI-5542 b,2022,True,12,0,True,True,,retenido
TOI-5573 b,2025,True,12,0,True,True,,retenido
TOI-5592 b,2025,True,12,0,True,True,,retenido
TOI-5595 b,2026,False,5,7,False,False,"pl_orbsmax,pl_bmasse,pl_orbeccen,pl_insol,pl_eqt,st_mass,st_met",fuera_corte_temporal_2026
TOI-5599 b,2026,False,5,7,False,False,"pl_orbsmax,pl_bmasse,pl_orbeccen,pl_insol,pl_eqt,st_mass,st_met",fuera_corte_temporal_2026
TOI-5605 b,2026,False,5,7,False,False,"pl_orbsmax,pl_bmasse,pl_orbeccen,pl_insol,pl_eqt,st_mass,st_met",fuera_corte_temporal_2026
TOI-5614 b,2026,False,5,7,False,False,"pl_orbsmax,pl_bmasse,pl_orbeccen,pl_insol,pl_eqt,st_mass,st_met",fuera_corte_temporal_2026
TOI-5616 b,2024,True,12,0,True,True,,retenido
TOI-5624 d,2026,False,11,1,True,False,pl_insol,fuera_corte_temporal_2026
TOI-5630 b,2026,False,5,7,False,False,"pl_orbsmax,pl_bmasse,pl_orbeccen,pl_insol,pl_eqt,st_mass,st_met",fuera_corte_temporal_2026
TOI-5634 A b,2024,True,12,0,True,True,,retenido
TOI-5678 b,2023,True,11,1,True,True,pl_insol,retenido
TOI-5688 A b,2024,True,12,0,True,True,,retenido
HD 23472 f,2022,True,12,0,True,True,,retenido
HD 23472 d,2022,True,12,0,True,True,,retenido
HD 23472 e,2022,True,12,0,True,True,,retenido
TOI-201 d,2026,False,8,4,True,False,"pl_insol,pl_eqt,st_met,st_logg",fuera_corte_temporal_2026
LHS 1678 d,2024,True,8,4,True,True,"pl_bmasse,pl_eqt,st_met,st_logg",retenido
TOI-1260 d,2022,True,12,0,True,True,,retenido
TOI-5704 b,2023,True,8,4,True,True,"pl_orbsmax,pl_bmasse,pl_orbeccen,pl_insol",retenido
TOI-5713 b,2024,True,11,1,True,True,pl_bmasse,retenido
TOI-5716 b,2025,True,7,5,False,False,"pl_orbsmax,pl_bmasse,pl_orbeccen,pl_insol,st_logg",menos_de_8_mediciones
TOI-5720 b,2024,True,11,1,True,True,pl_orbeccen,retenido
TOI-5726.01,2024,True,7,5,False,False,"pl_bmasse,pl_orbeccen,pl_eqt,st_met,st_logg",menos_de_8_mediciones
TOI-5728 b,2025,True,7,5,False,False,"pl_orbsmax,pl_bmasse,pl_orbeccen,pl_insol,st_logg",menos_de_8_mediciones
TOI-5734 b,2026,False,10,2,True,False,"pl_orbeccen,pl_insol",fuera_corte_temporal_2026
TOI-5736 b,2025,True,6,6,False,False,"pl_orbsmax,pl_bmasse,pl_orbeccen,pl_insol,st_met,st_logg",menos_de_8_mediciones
Wolf 327 b,2024,True,12,0,True,True,,retenido
TOI-5777 b,2026,False,5,7,False,False,"pl_orbsmax,pl_bmasse,pl_orbeccen,pl_insol,pl_eqt,st_mass,st_met",fuera_corte_temporal_2026
TOI-5786 b,2025,True,10,2,True,True,"pl_orbeccen,pl_insol",retenido
TOI-5788 c,2026,False,12,0,True,False,,fuera_corte_temporal_2026
TOI-5788 b,2026,False,12,0,True,False,,fuera_corte_temporal_2026
TOI-5795 b,2025,True,11,1,True,True,pl_insol,retenido
TOI-5799 b,2024,True,9,3,True,True,"pl_bmasse,pl_orbeccen,pl_insol",retenido
TOI-5800 b,2025,True,11,1,True,True,pl_insol,retenido
TOI-5803 b,2023,True,7,5,False,False,"pl_orbsmax,pl_bmasse,pl_orbeccen,pl_insol,st_met",menos_de_8_mediciones
TOI-5817 b,2025,True,11,1,True,True,pl_insol,retenido
TOI-5882 b,2025,True,11,1,True,True,pl_insol,retenido
TOI-5916 b,2026,False,12,0,True,False,,fuera_corte_temporal_2026
TOI-5926 b,2026,False,5,7,False,False,"pl_orbsmax,pl_bmasse,pl_orbeccen,pl_insol,pl_eqt,st_mass,st_met",fuera_corte_temporal_2026
TOI-5938 b,2026,False,9,3,True,False,"pl_bmasse,pl_orbeccen,pl_insol",fuera_corte_temporal_2026
TOI-1136 b,2022,True,10,2,True,True,"pl_rade,pl_insol",retenido
TOI-1136 g,2022,True,10,2,True,True,"pl_rade,pl_insol",retenido
TOI-6000 b,2025,True,7,5,False,False,"pl_orbsmax,pl_bmasse,pl_orbeccen,pl_insol,st_met",menos_de_8_mediciones
TOI-6002 b,2024,True,11,1,True,True,pl_bmasse,retenido
TOI-6008 b,2024,True,11,1,True,True,pl_orbeccen,retenido
TOI-6016 b,2024,True,12,0,True,True,,retenido
TOI-6019 b,2026,False,11,1,True,False,pl_insol,fuera_corte_temporal_2026
TOI-6029 b,2024,True,9,3,True,True,"pl_orbsmax,pl_insol,pl_eqt",retenido
TOI-6034 b,2024,True,12,0,True,True,,retenido
TOI-6038 A b,2025,True,11,1,True,True,pl_orbeccen,retenido
TOI-6041 b,2025,True,11,1,True,True,pl_orbeccen,retenido
TOI-6054.01,2024,True,12,0,True,True,,retenido
TOI-6054.02,2024,True,12,0,True,True,,retenido
TOI-6080 b,2026,False,5,7,False,False,"pl_orbsmax,pl_bmasse,pl_orbeccen,pl_insol,pl_eqt,st_mass,st_met",fuera_corte_temporal_2026
TIC 279401253 b,2023,True,10,2,True,True,"pl_insol,pl_eqt",retenido
TOI-4156 c,2026,False,5,7,False,False,"pl_orbsmax,pl_bmasse,pl_orbeccen,pl_insol,pl_eqt,st_mass,st_met",fuera_corte_temporal_2026
TOI-6086 b,2024,True,10,2,True,True,"pl_bmasse,pl_orbeccen",retenido
TOI-1533 c,2026,False,10,2,True,False,"pl_insol,pl_eqt",fuera_corte_temporal_2026
WASP-84 c,2023,True,7,5,False,False,"pl_orbeccen,pl_insol,st_teff,st_met,st_logg",menos_de_8_mediciones
TOI-6109 c,2025,True,7,5,False,False,"pl_bmasse,pl_orbeccen,pl_insol,pl_eqt,st_met",menos_de_8_mediciones
TOI-6130 b,2024,True,12,0,True,True,,retenido
TOI-6223 b,2025,True,9,3,True,True,"pl_bmasse,pl_orbeccen,pl_insol",retenido
Gliese 12 b,2024,True,9,3,True,True,"pl_orbsmax,pl_insol,pl_eqt",retenido
TOI-6255 b,2024,True,9,3,True,True,"pl_orbsmax,pl_insol,pl_eqt",retenido
TOI-815 c,2024,True,12,0,True,True,,retenido
HD 101581 c,2025,True,10,2,True,True,"pl_bmasse,pl_orbeccen",retenido
HD 101581 b,2025,True,10,2,True,True,"pl_bmasse,pl_orbeccen",retenido
TOI-6281 b,2026,False,5,7,False,False,"pl_orbsmax,pl_bmasse,pl_orbeccen,pl_insol,pl_eqt,st_mass,st_met",fuera_corte_temporal_2026
TOI-6303 b,2025,True,12,0,True,True,,retenido
TOI-6324 b,2025,True,10,2,True,True,"pl_orbsmax,pl_insol",retenido
TOI-6330 b,2025,True,12,0,True,True,,retenido
TOI-6383 A b,2024,True,11,1,True,True,st_met,retenido
TOI-6393 b,2026,False,5,7,False,False,"pl_orbsmax,pl_bmasse,pl_orbeccen,pl_insol,pl_eqt,st_mass,st_met",fuera_corte_temporal_2026
TOI-6420 b,2025,True,11,1,True,True,pl_insol,retenido
NGTS-33 b,2024,True,12,0,True,True,,retenido
TOI-6448 b,2025,True,8,4,True,True,"pl_bmasse,pl_insol,st_met,st_logg",retenido
HD 207496 b,2023,True,12,0,True,True,,retenido
HD 15906 c,2023,True,11,1,True,True,pl_bmasse,retenido
TOI-2018 b,2023,True,9,3,True,True,"pl_orbsmax,pl_insol,pl_eqt",retenido
TOI-6478 b,2025,True,9,3,True,True,"pl_bmasse,pl_orbeccen,pl_insol",retenido
HD 22946 d,2023,True,11,1,True,True,pl_orbeccen,retenido
TOI-1470 c,2023,True,12,0,True,True,,retenido
TOI-6109 b,2025,True,7,5,False,False,"pl_bmasse,pl_orbeccen,pl_insol,pl_eqt,st_met",menos_de_8_mediciones
TOI-6564 b,2026,False,11,1,True,False,pl_insol,fuera_corte_temporal_2026
TOI-4600 c,2023,True,11,1,True,True,pl_insol,retenido
TOI-6628 b,2025,True,11,1,True,True,pl_insol,retenido
TOI-198 b,2023,True,12,0,True,True,,retenido
HIP 113103 b,2023,True,10,2,True,True,"pl_bmasse,pl_insol",retenido
HIP 113103 c,2023,True,10,2,True,True,"pl_bmasse,pl_insol",retenido
TOI-6651 b,2024,True,12,0,True,True,,retenido
NGTS-35 b,2025,True,11,1,True,True,pl_insol,retenido
TOI-6677 b,2026,False,5,7,False,False,"pl_orbsmax,pl_bmasse,pl_orbeccen,pl_insol,pl_eqt,st_mass,st_met",fuera_corte_temporal_2026
TOI-6692 b,2026,False,11,1,True,False,pl_insol,fuera_corte_temporal_2026
TOI-6695 b,2025,True,11,1,True,True,pl_insol,retenido
TOI-6699 b,2026,False,5,7,False,False,"pl_orbsmax,pl_bmasse,pl_orbeccen,pl_insol,pl_eqt,st_mass,st_met",fuera_corte_temporal_2026
TOI-6707 b,2026,False,5,7,False,False,"pl_orbsmax,pl_bmasse,pl_orbeccen,pl_insol,pl_eqt,st_mass,st_met",fuera_corte_temporal_2026
TOI-6716 b,2026,False,11,1,True,False,pl_bmasse,fuera_corte_temporal_2026
TIC 87422071 b,2026,False,11,1,True,False,pl_insol,fuera_corte_temporal_2026
GJ 806 b,2023,True,11,1,True,True,pl_orbeccen,retenido
HD 63433 d,2023,True,10,2,True,True,"pl_bmasse,pl_insol",retenido
GJ 341 b,2025,True,10,2,True,True,"pl_orbsmax,pl_eqt",retenido
TIC 393818343 b,2024,True,12,0,True,True,,retenido
TOI-6884 b,2026,False,12,0,True,False,,fuera_corte_temporal_2026
TOI-6894 b,2025,True,12,0,True,True,,retenido
TOI-6954 b,2026,False,5,7,False,False,"pl_orbsmax,pl_bmasse,pl_orbeccen,pl_insol,pl_eqt,st_mass,st_met",fuera_corte_temporal_2026
TOI-791 c,2026,False,12,0,True,False,,fuera_corte_temporal_2026
IRAS 04125+2902 b,2024,True,7,5,False,False,"pl_bmasse,pl_orbeccen,pl_insol,st_met,st_logg",menos_de_8_mediciones
TOI-5624 b,2026,False,11,1,True,False,pl_insol,fuera_corte_temporal_2026
TOI-5624 c,2026,False,11,1,True,False,pl_insol,fuera_corte_temporal_2026
TOI-5624 e,2026,False,11,1,True,False,pl_insol,fuera_corte_temporal_2026
TIC 139270665 b,2024,True,12,0,True,True,,retenido
TOI-1224 b,2024,True,7,5,False,False,"pl_bmasse,pl_orbeccen,pl_insol,st_met,st_logg",menos_de_8_mediciones
TOI-1224 c,2024,True,6,6,False,False,"pl_orbsmax,pl_bmasse,pl_insol,pl_eqt,st_met,st_logg",menos_de_8_mediciones
TOI-4527.01,2024,True,9,3,True,True,"pl_bmasse,pl_orbeccen,st_met",retenido
TOI-7008 b,2026,False,5,7,False,False,"pl_orbsmax,pl_bmasse,pl_orbeccen,pl_insol,pl_eqt,st_mass,st_met",fuera_corte_temporal_2026
TOI-7009 b,2026,False,9,3,True,False,"pl_bmasse,pl_orbeccen,pl_insol",fuera_corte_temporal_2026
TIC 365102760 b,2024,True,10,2,True,True,"pl_insol,pl_eqt",retenido
TIC 241249530 b,2024,True,10,2,True,True,"pl_insol,pl_eqt",retenido
TIC 46432937 b,2024,True,11,1,True,True,pl_insol,retenido
TOI-1408 c,2024,True,10,2,True,True,"pl_insol,pl_eqt",retenido
GJ 238 b,2024,True,8,4,True,True,"pl_bmasse,pl_orbeccen,pl_insol,st_logg",retenido
TIC 4672985 b,2024,True,11,1,True,True,pl_insol,retenido
TOI-7041 b,2025,True,9,3,True,True,"pl_orbsmax,pl_insol,pl_eqt",retenido
HD 21520 b,2024,True,11,1,True,True,pl_insol,retenido
HIP 67522 c,2024,True,8,4,True,True,"pl_bmasse,pl_insol,st_met,st_logg",retenido
TOI-5489 c,2025,True,6,6,False,False,"pl_orbsmax,pl_bmasse,pl_orbeccen,pl_insol,st_met,st_logg",menos_de_8_mediciones
TOI-7149 b,2025,True,12,0,True,True,,retenido
TOI-7155 b,2026,False,5,7,False,False,"pl_orbsmax,pl_bmasse,pl_orbeccen,pl_insol,pl_eqt,st_mass,st_met",fuera_corte_temporal_2026
TOI-7166 b,2025,True,11,1,True,True,pl_bmasse,retenido
TOI-2443 b,2023,True,11,1,True,True,pl_insol,retenido
TOI-7333 b,2026,False,5,7,False,False,"pl_orbsmax,pl_bmasse,pl_orbeccen,pl_insol,pl_eqt,st_mass,st_met",fuera_corte_temporal_2026
TOI-1266 d,2025,True,10,2,True,True,"pl_rade,pl_insol",retenido
BD+05 4868 A b,2025,True,9,3,True,True,"pl_rade,pl_orbeccen,pl_insol",retenido
TOI-7384 b,2026,False,11,1,True,False,pl_bmasse,fuera_corte_temporal_2026
TOI-2076 e,2025,True,8,4,True,True,"pl_insol,st_teff,st_met,st_logg",retenido
TIC 434398831 b,2025,True,10,2,True,True,"pl_bmasse,pl_insol",retenido
TIC 434398831 c,2025,True,10,2,True,True,"pl_bmasse,pl_insol",retenido
TIC 88785435 b,2025,True,10,2,True,True,"pl_bmasse,pl_insol",retenido
TOI-201 c,2025,True,8,4,True,True,"pl_insol,pl_eqt,st_met,st_logg",retenido
TOI-5799 c,2025,True,9,3,True,True,"pl_bmasse,pl_orbeccen,pl_insol",retenido
TOI-7510 b,2025,True,11,1,True,True,pl_insol,retenido
TOI-7510 c,2025,True,11,1,True,True,pl_insol,retenido
TOI-7510 d,2025,True,11,1,True,True,pl_insol,retenido
TIC 231949697 b,2026,False,5,7,False,False,"pl_orbsmax,pl_bmasse,pl_orbeccen,pl_insol,pl_eqt,st_mass,st_met",fuera_corte_temporal_2026
NGTS-34 b,2025,True,10,2,True,True,"pl_orbeccen,pl_insol",retenido
TIC 270471727 b,2026,False,5,7,False,False,"pl_orbsmax,pl_bmasse,pl_orbeccen,pl_insol,pl_eqt,st_mass,st_met",fuera_corte_temporal_2026
TOI-5789 c,2026,False,11,1,True,False,pl_insol,fuera_corte_temporal_2026
TOI-2267 d,2025,True,6,6,False,False,"pl_bmasse,pl_orbeccen,st_teff,st_mass,st_met,st_logg",menos_de_8_mediciones
TOI-1232 c,2026,False,9,3,True,False,"pl_rade,pl_insol,pl_eqt",fuera_corte_temporal_2026
TIC 18942729 b,2026,False,5,7,False,False,"pl_orbsmax,pl_bmasse,pl_orbeccen,pl_insol,pl_eqt,st_mass,st_met",fuera_corte_temporal_2026
TIC 24750448 b,2026,False,5,7,False,False,"pl_orbsmax,pl_bmasse,pl_orbeccen,pl_insol,pl_eqt,st_mass,st_met",fuera_corte_temporal_2026
TIC 24750448 c,2026,False,5,7,False,False,"pl_orbsmax,pl_bmasse,pl_orbeccen,pl_insol,pl_eqt,st_mass,st_met",fuera_corte_temporal_2026
TIC 32032563 b,2026,False,5,7,False,False,"pl_orbsmax,pl_bmasse,pl_orbeccen,pl_insol,pl_eqt,st_mass,st_met",fuera_corte_temporal_2026
TIC 34085383 b,2026,False,5,7,False,False,"pl_orbsmax,pl_bmasse,pl_orbeccen,pl_insol,pl_eqt,st_mass,st_met",fuera_corte_temporal_2026
TIC 38825265 b,2026,False,5,7,False,False,"pl_orbsmax,pl_bmasse,pl_orbeccen,pl_insol,pl_eqt,st_mass,st_met",fuera_corte_temporal_2026
TIC 38828280 b,2026,False,5,7,False,False,"pl_orbsmax,pl_bmasse,pl_orbeccen,pl_insol,pl_eqt,st_mass,st_met",fuera_corte_temporal_2026
TIC 62895484 b,2026,False,5,7,False,False,"pl_orbsmax,pl_bmasse,pl_orbeccen,pl_insol,pl_eqt,st_mass,st_met",fuera_corte_temporal_2026
TIC 65612701 b,2026,False,5,7,False,False,"pl_orbsmax,pl_bmasse,pl_orbeccen,pl_insol,pl_eqt,st_mass,st_met",fuera_corte_temporal_2026
TIC 67686059 b,2026,False,5,7,False,False,"pl_orbsmax,pl_bmasse,pl_orbeccen,pl_insol,pl_eqt,st_mass,st_met",fuera_corte_temporal_2026
TIC 77319217 b,2026,False,5,7,False,False,"pl_orbsmax,pl_bmasse,pl_orbeccen,pl_insol,pl_eqt,st_mass,st_met",fuera_corte_temporal_2026
TIC 77552382 b,2026,False,5,7,False,False,"pl_orbsmax,pl_bmasse,pl_orbeccen,pl_insol,pl_eqt,st_mass,st_met",fuera_corte_temporal_2026
TIC 86380416 b,2026,False,5,7,False,False,"pl_orbsmax,pl_bmasse,pl_orbeccen,pl_insol,pl_eqt,st_mass,st_met",fuera_corte_temporal_2026
TIC 88692598 b,2026,False,5,7,False,False,"pl_orbsmax,pl_bmasse,pl_orbeccen,pl_insol,pl_eqt,st_mass,st_met",fuera_corte_temporal_2026
TIC 117642575 b,2026,False,5,7,False,False,"pl_orbsmax,pl_bmasse,pl_orbeccen,pl_insol,pl_eqt,st_mass,st_met",fuera_corte_temporal_2026
TIC 139702105 b,2026,False,5,7,False,False,"pl_orbsmax,pl_bmasse,pl_orbeccen,pl_insol,pl_eqt,st_mass,st_met",fuera_corte_temporal_2026
TIC 142589416 b,2026,False,5,7,False,False,"pl_orbsmax,pl_bmasse,pl_orbeccen,pl_insol,pl_eqt,st_mass,st_met",fuera_corte_temporal_2026
TIC 153919886 b,2026,False,5,7,False,False,"pl_orbsmax,pl_bmasse,pl_orbeccen,pl_insol,pl_eqt,st_mass,st_met",fuera_corte_temporal_2026
TIC 154870955 b,2026,False,5,7,False,False,"pl_orbsmax,pl_bmasse,pl_orbeccen,pl_insol,pl_eqt,st_mass,st_met",fuera_corte_temporal_2026
TIC 160113658 b,2026,False,5,7,False,False,"pl_orbsmax,pl_bmasse,pl_orbeccen,pl_insol,pl_eqt,st_mass,st_met",fuera_corte_temporal_2026
TIC 161045582 b,2026,False,5,7,False,False,"pl_orbsmax,pl_bmasse,pl_orbeccen,pl_insol,pl_eqt,st_mass,st_met",fuera_corte_temporal_2026
TIC 178172313 b,2026,False,5,7,False,False,"pl_orbsmax,pl_bmasse,pl_orbeccen,pl_insol,pl_eqt,st_mass,st_met",fuera_corte_temporal_2026
TIC 188624430 b,2026,False,5,7,False,False,"pl_orbsmax,pl_bmasse,pl_orbeccen,pl_insol,pl_eqt,st_mass,st_met",fuera_corte_temporal_2026
TIC 198190129 b,2026,False,5,7,False,False,"pl_orbsmax,pl_bmasse,pl_orbeccen,pl_insol,pl_eqt,st_mass,st_met",fuera_corte_temporal_2026
TIC 206466666 b,2026,False,5,7,False,False,"pl_orbsmax,pl_bmasse,pl_orbeccen,pl_insol,pl_eqt,st_mass,st_met",fuera_corte_temporal_2026
TIC 249022743 b,2026,False,5,7,False,False,"pl_orbsmax,pl_bmasse,pl_orbeccen,pl_insol,pl_eqt,st_mass,st_met",fuera_corte_temporal_2026
TIC 260969020 b,2026,False,5,7,False,False,"pl_orbsmax,pl_bmasse,pl_orbeccen,pl_insol,pl_eqt,st_mass,st_met",fuera_corte_temporal_2026
TIC 290487717 b,2026,False,5,7,False,False,"pl_orbsmax,pl_bmasse,pl_orbeccen,pl_insol,pl_eqt,st_mass,st_met",fuera_corte_temporal_2026
TIC 294329732 b,2026,False,5,7,False,False,"pl_orbsmax,pl_bmasse,pl_orbeccen,pl_insol,pl_eqt,st_mass,st_met",fuera_corte_temporal_2026
TIC 320419023 b,2026,False,5,7,False,False,"pl_orbsmax,pl_bmasse,pl_orbeccen,pl_insol,pl_eqt,st_mass,st_met",fuera_corte_temporal_2026
TIC 349520724 b,2026,False,5,7,False,False,"pl_orbsmax,pl_bmasse,pl_orbeccen,pl_insol,pl_eqt,st_mass,st_met",fuera_corte_temporal_2026
TIC 356227008 b,2026,False,5,7,False,False,"pl_orbsmax,pl_bmasse,pl_orbeccen,pl_insol,pl_eqt,st_mass,st_met",fuera_corte_temporal_2026
TIC 390586021 b,2026,False,5,7,False,False,"pl_orbsmax,pl_bmasse,pl_orbeccen,pl_insol,pl_eqt,st_mass,st_met",fuera_corte_temporal_2026
TIC 423703298 b,2026,False,5,7,False,False,"pl_orbsmax,pl_bmasse,pl_orbeccen,pl_insol,pl_eqt,st_mass,st_met",fuera_corte_temporal_2026
TIC 437041147 b,2026,False,5,7,False,False,"pl_orbsmax,pl_bmasse,pl_orbeccen,pl_insol,pl_eqt,st_mass,st_met",fuera_corte_temporal_2026
TIC 445839811 b,2026,False,5,7,False,False,"pl_orbsmax,pl_bmasse,pl_orbeccen,pl_insol,pl_eqt,st_mass,st_met",fuera_corte_temporal_2026
TOI-1839 c,2026,False,5,7,False,False,"pl_orbsmax,pl_bmasse,pl_orbeccen,pl_insol,pl_eqt,st_mass,st_met",fuera_corte_temporal_2026
TIC 147027702 b,2026,False,11,1,True,False,pl_insol,fuera_corte_temporal_2026
TIC 245076932 b,2026,False,11,1,True,False,pl_insol,fuera_corte_temporal_2026
TIC 183374187 b,2026,False,10,2,True,False,"pl_orbsmax,pl_insol",fuera_corte_temporal_2026
TIC 150070085 b,2026,False,6,6,False,False,"pl_orbsmax,pl_bmasse,pl_orbeccen,pl_insol,st_met,st_logg",fuera_corte_temporal_2026
NGTS-38 b,2026,False,11,1,True,False,pl_insol,fuera_corte_temporal_2026
TOI-260 b,2024,True,11,1,True,True,pl_insol,retenido
